Date, Total, TLSv1.3, TLSv1.3 (draft 23), TLSv1.2, TLSv1.1, TLSv1.0, Error, Others, Connection Failed
2018-09-17, 830848, 97850, 17, 662441, 207, 21992, 48324, 17, 169152
2018-09-18, 829654, 99931, 17, 659338, 205, 21928, 48219, 16, 170346
2018-09-19, 829578, 99889, 17, 659306, 205, 21914, 48230, 17, 170422
2018-09-20, 828290, 99816, 16, 658440, 205, 21801, 47995, 17, 171710
2018-09-21, 812364, 97657, 16, 643679, 199, 21105, 49692, 16, 187636
2018-09-22, 834878, 101233, 17, 663229, 208, 21998, 48177, 16, 165122
2018-09-23, 836191, 101381, 16, 664502, 208, 21995, 48073, 16, 163809
2018-09-24, 833570, 101533, 15, 661780, 226, 21892, 48108, 16, 166430
2018-09-25, 834055, 101958, 15, 661856, 205, 21832, 48172, 17, 165945
2018-09-26, 832503, 101830, 11, 660644, 205, 21772, 48025, 16, 167497
2018-09-27, 835840, 102522, 10, 662995, 208, 21838, 48251, 16, 164160
2018-09-28, 836899, 102599, 10, 664114, 204, 21869, 48087, 16, 163101
2018-09-29, 835447, 102518, 9, 663157, 205, 21762, 47781, 15, 164553
2018-09-30, 838973, 102862, 10, 666067, 203, 21845, 47970, 16, 161027
2018-10-01, 834691, 102670, 10, 662536, 203, 21682, 47575, 15, 165309
2018-10-02, 832200, 102934, 10, 659832, 203, 21689, 47516, 16, 167800
2018-10-03, 835342, 105026, 10, 660758, 205, 21647, 47680, 16, 164658
2018-10-04, 832366, 105747, 10, 656897, 204, 21452, 48041, 15, 167634
2018-10-05, 840790, 107081, 10, 662723, 202, 21588, 49170, 16, 159210
2018-10-06, 835179, 106522, 10, 659413, 202, 21565, 47452, 15, 164821
2018-10-07, 836870, 106923, 10, 660770, 205, 21514, 47433, 15, 163130
2018-10-08, 836246, 107566, 10, 659551, 203, 21508, 47392, 16, 163754
2018-10-09, 832917, 107880, 10, 656193, 199, 21379, 47241, 15, 167083
2018-10-10, 831380, 108322, 10, 654479, 201, 21352, 47001, 15, 168620
2018-10-11, 834895, 109091, 8, 657149, 202, 21432, 46998, 15, 165105
2018-10-12, 835605, 109369, 9, 657458, 203, 21367, 47185, 14, 164395
2018-10-13, 829239, 108547, 9, 652468, 201, 21139, 46862, 13, 170761
2018-10-14, 838839, 109771, 9, 660276, 195, 21339, 47235, 14, 161161
2018-10-15, 834900, 109486, 9, 656835, 200, 21310, 47048, 12, 165100
2018-10-16, 835381, 109759, 10, 657050, 199, 21318, 47033, 12, 164619
2018-10-17, 828049, 108597, 7, 651037, 198, 20983, 47219, 8, 171951
2018-10-18, 515380, 68021, 2, 404505, 127, 12768, 29953, 4, 484620
2018-10-19, 828001, 108459, 4, 651399, 188, 20970, 46976, 5, 171999
2018-10-20, 840126, 110622, 4, 660605, 197, 21316, 47377, 5, 159874
2018-10-21, 840344, 110328, 3, 661363, 201, 21337, 47108, 4, 159656
2018-10-22, 834893, 109928, 2, 656763, 196, 21134, 46866, 4, 165107
2018-10-23, 839779, 110975, 3, 660356, 197, 21266, 46979, 3, 160221
2018-10-24, 836550, 110782, 2, 657727, 193, 21156, 46687, 3, 163450
2018-10-25, 836690, 111169, 2, 657596, 195, 21079, 46647, 2, 163310
2018-10-26, 838707, 112119, 2, 658657, 191, 21052, 46684, 2, 161293
2018-10-27, 835791, 112204, 2, 655965, 196, 20969, 46454, 1, 164209
2018-10-28, 839355, 112694, 2, 658750, 197, 21068, 46643, 1, 160645
2018-10-29, 838030, 112863, 2, 657316, 197, 20988, 46663, 1, 161970
2018-10-30, 825030, 110953, 2, 645737, 188, 20504, 47646, 0, 174970
2018-10-31, 835113, 112927, 2, 654599, 205, 20850, 46530, 0, 164887
2018-11-01, 836138, 113172, 2, 655422, 200, 20803, 46539, 0, 163862
2018-11-02, 834478, 113177, 1, 653706, 198, 20681, 46715, 0, 165522
2018-11-03, 836144, 113654, 1, 654888, 204, 20705, 46692, 0, 163856
2018-11-04, 836756, 113786, 1, 655583, 204, 20713, 46469, 0, 163244
2018-11-05, 836581, 114300, 1, 654819, 202, 20691, 46568, 0, 163419
2018-11-06, 833546, 114060, 1, 652364, 202, 20606, 46313, 0, 166454
2018-11-07, 834992, 114539, 1, 653270, 201, 20612, 46369, 0, 165008
2018-11-08, 826540, 113977, 1, 647572, 197, 20387, 44406, 0, 173460
2018-11-09, 825490, 114064, 1, 646677, 200, 20330, 44218, 0, 174510
2018-11-10, 831066, 115125, 1, 650686, 196, 20510, 44548, 0, 168934
2018-11-11, 829153, 114731, 1, 645673, 199, 20243, 48306, 0, 170847
2018-11-12, 591179, 80374, 1, 464116, 139, 14353, 32196, 0, 408821
2018-11-14, 836401, 118595, 1, 652289, 204, 20530, 44782, 0, 163599
2018-11-15, 838282, 123755, 1, 648838, 205, 20543, 44940, 0, 161718
2018-11-16, 838101, 126877, 1, 645713, 205, 20509, 44796, 0, 161899
2018-11-17, 839911, 127229, 1, 647049, 200, 20520, 44912, 0, 160089
2018-11-18, 839656, 127071, 1, 646606, 202, 20449, 45327, 0, 160344
2018-11-19, 841441, 127055, 1, 645901, 204, 20461, 47819, 0, 158559
2018-11-20, 842108, 131331, 1, 642108, 206, 20458, 48004, 0, 157892
2018-11-21, 830472, 129790, 1, 633206, 201, 20054, 47220, 0, 169528
2018-11-22, 842687, 131867, 1, 641877, 202, 20288, 48452, 0, 157313
2018-11-23, 842156, 132073, 1, 641681, 203, 20294, 47904, 0, 157844
2018-11-24, 840442, 131712, 1, 640494, 205, 20197, 47833, 0, 159558
2018-11-25, 841776, 131966, 1, 641336, 201, 20243, 48029, 0, 158224
2018-11-26, 839120, 131688, 1, 639167, 200, 20165, 47899, 0, 160880
2018-11-27, 842089, 132301, 1, 641406, 198, 20213, 47970, 0, 157911
2018-11-28, 840958, 132516, 1, 642421, 194, 20162, 45664, 0, 159042
2018-11-29, 841137, 132458, 0, 642809, 192, 20133, 45545, 0, 158863
2018-11-30, 841721, 132894, 0, 642884, 196, 20119, 45628, 0, 158279
2018-12-01, 839227, 132507, 0, 641051, 196, 20039, 45434, 0, 160773
2018-12-02, 831412, 131112, 0, 634178, 198, 19755, 46169, 0, 168588
2018-12-03, 832093, 131277, 0, 635065, 190, 19743, 45818, 0, 167907
2018-12-04, 840449, 132815, 0, 641819, 190, 19974, 45651, 0, 159551
2018-12-05, 837043, 133161, 0, 638596, 192, 19885, 45209, 0, 162957
2018-12-06, 840243, 134088, 0, 640720, 193, 19907, 45335, 0, 159757
2018-12-07, 840451, 134012, 0, 641134, 193, 19894, 45218, 0, 159549
2018-12-08, 841169, 134010, 0, 641603, 191, 19897, 45468, 0, 158831
2018-12-09, 840883, 133946, 0, 641359, 192, 19842, 45544, 0, 159117
2018-12-10, 834598, 132943, 0, 635802, 191, 19639, 46023, 0, 165402
2018-12-11, 840577, 134110, 0, 640398, 185, 19771, 46113, 0, 159423
2018-12-12, 839344, 133787, 0, 640304, 191, 19804, 45258, 0, 160656
2018-12-13, 836824, 133433, 0, 638485, 188, 19711, 45007, 0, 163176
2018-12-14, 838326, 133975, 0, 639341, 189, 19677, 45144, 0, 161674
2018-12-15, 838501, 134193, 0, 639440, 187, 19688, 44993, 0, 161499
2018-12-16, 839105, 134316, 0, 639839, 189, 19692, 45069, 0, 160895
2018-12-17, 837212, 134183, 0, 638282, 186, 19611, 44950, 0, 162788
2018-12-18, 835001, 133844, 0, 636554, 188, 19538, 44877, 0, 164999
2018-12-19, 838626, 134807, 0, 639117, 187, 19587, 44928, 0, 161374
2018-12-20, 833040, 133928, 0, 634807, 183, 19429, 44693, 0, 166960
2018-12-21, 837011, 134796, 0, 637883, 186, 19483, 44663, 0, 162989
2018-12-22, 828070, 132882, 0, 629419, 176, 19132, 46461, 0, 171930
2018-12-23, 833948, 134244, 0, 635531, 182, 19319, 44671, 1, 166052
2018-12-24, 842416, 135852, 0, 642204, 184, 19542, 44634, 0, 157584
2018-12-25, 842070, 135793, 0, 641795, 184, 19581, 44717, 0, 157930
2018-12-26, 840739, 135619, 0, 640731, 186, 19491, 44712, 0, 159261
2018-12-27, 841734, 135914, 0, 641392, 186, 19503, 44739, 0, 158266
2018-12-28, 839188, 135401, 0, 639666, 186, 19445, 44490, 0, 160812
2018-12-29, 840830, 135751, 0, 640854, 182, 19496, 44547, 0, 159170
2018-12-30, 841554, 135972, 0, 641388, 184, 19470, 44540, 0, 158446
2018-12-31, 841845, 136092, 0, 641625, 187, 19453, 44488, 0, 158155
2019-01-01, 842142, 136377, 0, 641483, 184, 19461, 44637, 0, 157858
2019-01-02, 843097, 135485, 0, 643538, 185, 19407, 44482, 0, 156903
2019-01-03, 846293, 136062, 0, 645826, 183, 19433, 44789, 0, 153707
2019-01-04, 842012, 135999, 0, 641505, 183, 19441, 44884, 0, 157988
2019-01-05, 840931, 135782, 0, 640530, 183, 19398, 45038, 0, 159069
2019-01-06, 839672, 135737, 0, 639582, 184, 19358, 44811, 0, 160328
2019-01-07, 837818, 135350, 0, 638270, 181, 19307, 44710, 0, 162182
2019-01-08, 840360, 136046, 0, 639927, 185, 19375, 44827, 0, 159640
2019-01-09, 839037, 135413, 0, 638979, 179, 19319, 45147, 0, 160963
2019-01-10, 839303, 135963, 0, 639185, 182, 19301, 44672, 0, 160697
2019-01-11, 839778, 136759, 0, 638890, 183, 19284, 44662, 0, 160222
2019-01-12, 835703, 136024, 0, 635869, 179, 19180, 44451, 0, 164297
2019-01-13, 832784, 135791, 0, 633387, 179, 19120, 44307, 0, 167216
2019-01-14, 836184, 136483, 0, 635940, 183, 19189, 44389, 0, 163816
2019-01-15, 834242, 136100, 0, 634340, 181, 19093, 44528, 0, 165758
2019-01-16, 820230, 133786, 0, 622178, 174, 18616, 45476, 0, 179770
2019-01-17, 826752, 134965, 0, 628760, 180, 18777, 44070, 0, 173248
2019-01-18, 838881, 137252, 0, 638184, 182, 19127, 44136, 0, 161119
2019-01-19, 831310, 136030, 0, 632381, 178, 18962, 43759, 0, 168690
2019-01-20, 837841, 137157, 0, 637390, 182, 19050, 44062, 0, 162159
2019-01-21, 837329, 137099, 0, 636934, 179, 19025, 44092, 0, 162671
2019-01-22, 836114, 137146, 0, 635789, 180, 18983, 44016, 0, 163886
2019-01-23, 837009, 137319, 0, 636532, 178, 18956, 44024, 0, 162991
2019-01-24, 825376, 135703, 0, 627482, 182, 18649, 43360, 0, 174624
2019-01-25, 839320, 137877, 0, 638161, 178, 18943, 44161, 0, 160680
2019-01-26, 840176, 138074, 0, 638347, 178, 19000, 44577, 0, 159824
2019-01-27, 836865, 137513, 0, 635944, 179, 18866, 44363, 0, 163135
2019-01-28, 841385, 138509, 0, 639324, 177, 18964, 44411, 0, 158615
2019-01-29, 839878, 138524, 0, 637865, 180, 18908, 44401, 0, 160122
2019-01-30, 832358, 138104, 0, 629782, 176, 18536, 45760, 0, 167642
2019-01-31, 838838, 139530, 0, 636315, 178, 18871, 43944, 0, 161162
2019-02-01, 841172, 140194, 0, 637972, 175, 18881, 43950, 0, 158828
2019-02-02, 841283, 140270, 0, 637971, 178, 18866, 43998, 0, 158717
2019-02-03, 840257, 141079, 0, 636323, 177, 18831, 43847, 0, 159743
2019-02-04, 137741, 23600, 0, 103960, 27, 2885, 7269, 0, 862259
2019-02-05, 839327, 143091, 0, 633570, 176, 18688, 43802, 0, 160673
2019-02-06, 840271, 143116, 0, 634254, 178, 18743, 43980, 0, 159729
2019-02-07, 839244, 143277, 0, 633183, 176, 18722, 43886, 0, 160756
2019-02-08, 839617, 143220, 0, 631532, 170, 18531, 46164, 0, 160383
2019-02-09, 839512, 143188, 0, 633675, 175, 18670, 43804, 0, 160488
2019-02-10, 839540, 143251, 0, 633588, 176, 18681, 43844, 0, 160460
2019-02-11, 839604, 149427, 0, 627507, 177, 18646, 43847, 0, 160396
2019-02-12, 838648, 154566, 0, 621618, 172, 18552, 43740, 0, 161352
2019-02-13, 839373, 145472, 0, 631288, 175, 18437, 44001, 0, 160627
2019-02-14, 837700, 143379, 0, 631972, 175, 18366, 43808, 0, 162300
2019-02-15, 839255, 143609, 0, 633303, 170, 18504, 43669, 0, 160745
2019-02-16, 840467, 143728, 0, 634422, 171, 18476, 43670, 0, 159533
2019-02-17, 840198, 143634, 0, 632215, 174, 18394, 45781, 0, 159802
2019-02-18, 839848, 143665, 0, 631081, 170, 18254, 46678, 0, 160152
2019-02-19, 840279, 143742, 0, 634131, 173, 18455, 43778, 0, 159721
2019-02-20, 838680, 142083, 0, 634213, 170, 18519, 43695, 0, 161320
2019-02-21, 838364, 142443, 0, 633666, 168, 18482, 43605, 0, 161636
2019-02-22, 838738, 142348, 0, 634090, 173, 18492, 43635, 0, 161262
2019-02-23, 840785, 144305, 0, 634151, 169, 18465, 43695, 0, 159215
2019-02-24, 840755, 144423, 0, 634087, 167, 18453, 43625, 0, 159245
2019-02-25, 840426, 144264, 0, 634027, 167, 18428, 43540, 0, 159574
2019-02-26, 840505, 144324, 0, 631177, 162, 18128, 46714, 0, 159495
2019-02-27, 841440, 144403, 0, 635065, 166, 18376, 43430, 0, 158560
2019-02-28, 841322, 144447, 0, 634900, 167, 18370, 43438, 0, 158678
2019-03-01, 840911, 144512, 0, 634682, 167, 18306, 43244, 0, 159089
2019-03-02, 841097, 144544, 0, 634707, 168, 18334, 43344, 0, 158903
2019-03-03, 840885, 144539, 0, 634632, 167, 18275, 43272, 0, 159115
2019-03-04, 841768, 144611, 0, 635396, 169, 18296, 43296, 0, 158232
2019-03-05, 841982, 144696, 0, 635591, 171, 18256, 43268, 0, 158018
2019-03-06, 841949, 144744, 0, 635537, 169, 18219, 43280, 0, 158051
2019-03-07, 846258, 144799, 0, 636883, 163, 17897, 46516, 0, 153742
2019-03-08, 846241, 144826, 0, 639610, 169, 18157, 43479, 0, 153759
2019-03-09, 846221, 144849, 0, 639818, 168, 18174, 43212, 0, 153779
2019-03-10, 845876, 145022, 0, 639090, 164, 18123, 43477, 0, 154124
2019-03-11, 845837, 145038, 0, 639140, 166, 18096, 43397, 0, 154163
2019-03-12, 846059, 145133, 0, 639284, 167, 18077, 43398, 0, 153941
2019-03-13, 845645, 145055, 0, 638991, 170, 18093, 43336, 0, 154355
2019-03-14, 845936, 145085, 0, 639513, 168, 18052, 43118, 0, 154064
2019-03-15, 845864, 144876, 0, 639397, 172, 17998, 43421, 0, 154136
2019-03-16, 845985, 145107, 0, 639580, 169, 17994, 43135, 0, 154015
2019-03-17, 845585, 145053, 0, 639237, 169, 17979, 43147, 0, 154415
2019-03-18, 845620, 144919, 0, 634702, 169, 17664, 48166, 0, 154380
2019-03-19, 844770, 145060, 0, 638590, 173, 17933, 43014, 0, 155230
2019-03-20, 845435, 145054, 0, 639178, 172, 17908, 43123, 0, 154565
2019-03-21, 844002, 145263, 0, 637671, 167, 17902, 42999, 0, 155998
2019-03-22, 845305, 145367, 0, 639048, 170, 17853, 42867, 0, 154695
2019-03-23, 843933, 144235, 0, 638707, 167, 17862, 42962, 0, 156067
2019-03-24, 845324, 145299, 0, 639040, 166, 17856, 42963, 0, 154676
2019-03-25, 844787, 145312, 0, 638698, 169, 17821, 42787, 0, 155213
2019-03-26, 845292, 145440, 0, 638914, 164, 17811, 42963, 0, 154708
2019-03-27, 845425, 145416, 0, 638926, 169, 17780, 43134, 0, 154575
2019-03-28, 843853, 145326, 0, 637796, 167, 17711, 42853, 0, 156147
2019-03-29, 841431, 144841, 0, 636106, 163, 17658, 42663, 0, 158569
2019-03-30, 845008, 145708, 0, 636425, 161, 17449, 45265, 0, 154992
2019-03-31, 844931, 145703, 0, 638166, 164, 17633, 43265, 0, 155069
2019-04-01, 844501, 146122, 0, 637833, 167, 17681, 42698, 0, 155499
2019-04-02, 844636, 147123, 0, 637001, 166, 17654, 42692, 0, 155364
2019-04-03, 844492, 147241, 0, 636890, 167, 17609, 42585, 0, 155508
2019-04-04, 842965, 147254, 0, 635323, 167, 17590, 42631, 0, 157035
2019-04-05, 843437, 147350, 0, 635732, 167, 17569, 42619, 0, 156563
2019-04-06, 838837, 147348, 0, 631155, 167, 17548, 42619, 0, 161163
2019-04-07, 838623, 147322, 0, 631261, 166, 17523, 42351, 0, 161377
2019-04-08, 839767, 147399, 0, 632321, 165, 17505, 42377, 0, 160233
2019-04-09, 842962, 147390, 0, 634271, 162, 17390, 43749, 0, 157038
2019-04-10, 843041, 147551, 0, 634788, 162, 17390, 43150, 0, 156959
2019-04-11, 842949, 147601, 0, 635554, 165, 17419, 42210, 0, 157051
2019-04-12, 843747, 147265, 0, 636782, 164, 17431, 42105, 0, 156253
2019-04-13, 843751, 147309, 0, 636836, 169, 17406, 42031, 0, 156249
2019-04-14, 842241, 147371, 0, 635272, 165, 17381, 42052, 0, 157759
2019-04-15, 844081, 147486, 0, 636878, 168, 17358, 42191, 0, 155919
2019-04-16, 843626, 147586, 0, 636320, 167, 17331, 42222, 0, 156374
2019-04-17, 844118, 148147, 0, 636362, 167, 17358, 42084, 0, 155882
2019-04-18, 836166, 146744, 0, 630258, 167, 17152, 41845, 0, 163834
2019-04-19, 843658, 148282, 0, 633926, 171, 17122, 44157, 0, 156342
2019-04-20, 843695, 148316, 0, 636088, 168, 17297, 41826, 0, 156305
2019-04-21, 843127, 148350, 0, 635611, 167, 17260, 41739, 0, 156873
2019-04-22, 843273, 148500, 0, 635420, 167, 17273, 41913, 0, 156727
2019-04-23, 843320, 148571, 0, 635432, 163, 17268, 41886, 0, 156680
2019-04-24, 843896, 148698, 0, 636010, 166, 17271, 41751, 0, 156104
2019-04-25, 843819, 148810, 0, 635845, 164, 17241, 41759, 0, 156181
2019-04-26, 843767, 148878, 0, 635845, 165, 17212, 41667, 0, 156233
2019-04-27, 844161, 148993, 0, 636136, 164, 17207, 41661, 0, 155839
2019-04-28, 843722, 148959, 0, 635760, 165, 17182, 41656, 0, 156278
2019-04-29, 843956, 149078, 0, 633976, 160, 17035, 43707, 0, 156044
2019-04-30, 843846, 150543, 0, 634354, 160, 17161, 41628, 0, 156154
2019-05-01, 843551, 149609, 0, 634758, 159, 17127, 41898, 0, 156449
2019-05-02, 843245, 157809, 0, 626469, 159, 17117, 41691, 0, 156755
2019-05-03, 843441, 163367, 0, 621160, 162, 17096, 41656, 0, 156559
2019-05-04, 843612, 164011, 0, 620696, 160, 17083, 41662, 0, 156388
2019-05-05, 843107, 164089, 0, 620174, 157, 17063, 41624, 0, 156893
2019-05-06, 840672, 164086, 0, 617823, 157, 17033, 41573, 0, 159328
2019-05-07, 843095, 164334, 0, 620038, 155, 17028, 41540, 0, 156905
2019-05-08, 843036, 164443, 0, 619216, 157, 16947, 42273, 0, 156964
2019-05-09, 843241, 164861, 0, 618309, 150, 16796, 43125, 0, 156759
2019-05-10, 843468, 165620, 0, 619249, 155, 16877, 41567, 0, 156532
2019-05-11, 843040, 165626, 0, 618906, 153, 16853, 41502, 0, 156960
2019-05-12, 843102, 165958, 0, 618554, 155, 16859, 41576, 0, 156898
2019-05-13, 842953, 166029, 0, 618345, 153, 16822, 41604, 0, 157047
2019-05-14, 843539, 165951, 0, 619005, 155, 16796, 41632, 0, 156461
2019-05-15, 843846, 166169, 0, 619141, 153, 16817, 41566, 0, 156154
2019-05-16, 843082, 166776, 0, 617563, 153, 16790, 41800, 0, 156918
2019-05-17, 842811, 166904, 0, 617391, 151, 16772, 41593, 0, 157189
2019-05-18, 842689, 166961, 0, 617404, 152, 16753, 41419, 0, 157311
2019-05-19, 842147, 167024, 0, 614925, 150, 16611, 43437, 0, 157853
2019-05-20, 843216, 167126, 0, 617724, 155, 16752, 41459, 0, 156784
2019-05-21, 843468, 167220, 0, 617864, 155, 16719, 41510, 0, 156532
2019-05-22, 843354, 167393, 0, 617714, 153, 16717, 41377, 0, 156646
2019-05-23, 842906, 167390, 0, 617335, 154, 16681, 41346, 0, 157094
2019-05-24, 843135, 167699, 0, 617392, 252, 16653, 41139, 0, 156865
2019-05-25, 843108, 167730, 0, 617132, 273, 16620, 41353, 0, 156892
2019-05-26, 843166, 167758, 0, 617069, 275, 16603, 41461, 0, 156834
2019-05-27, 843508, 167823, 0, 617424, 276, 16565, 41420, 0, 156492
2019-05-28, 842736, 167761, 0, 617072, 257, 16376, 41270, 0, 157264
2019-05-29, 842654, 167764, 0, 617130, 261, 16308, 41191, 0, 157346
2019-05-30, 843386, 168060, 0, 617316, 272, 16520, 41218, 0, 156614
2019-05-31, 843507, 168314, 0, 617261, 273, 16485, 41174, 0, 156493
2019-06-01, 843000, 168102, 0, 617167, 270, 16466, 40995, 0, 157000
2019-06-02, 843203, 168347, 0, 616402, 272, 16404, 41778, 0, 156797
2019-06-03, 843088, 168402, 0, 615489, 278, 16303, 42616, 0, 156912
2019-06-04, 843318, 168693, 0, 616829, 278, 16397, 41121, 0, 156682
2019-06-05, 842882, 168883, 0, 616265, 289, 16364, 41081, 0, 157118
2019-06-06, 843257, 169134, 0, 616493, 290, 16356, 40984, 0, 156743
2019-06-07, 841668, 169180, 0, 614910, 290, 16294, 40994, 0, 158332
2019-06-08, 841724, 169254, 0, 615048, 292, 16236, 40894, 0, 158276
2019-06-09, 841289, 169276, 0, 614524, 291, 16223, 40975, 0, 158711
2019-06-10, 841104, 169416, 0, 614271, 292, 16207, 40918, 0, 158896
2019-06-11, 843196, 169444, 0, 616131, 290, 16248, 41083, 0, 156804
2019-06-12, 842770, 169739, 0, 615554, 289, 16234, 40954, 0, 157230
2019-06-13, 842509, 169825, 0, 615368, 288, 16189, 40839, 0, 157491
2019-06-14, 842750, 170150, 0, 615317, 291, 16197, 40795, 0, 157250
2019-06-15, 841903, 170376, 0, 614193, 291, 16159, 40884, 0, 158097
2019-06-16, 841328, 170486, 0, 613657, 290, 16140, 40755, 0, 158672
2019-06-17, 843440, 170716, 0, 614233, 287, 16022, 42182, 0, 156560
2019-06-18, 843206, 172175, 0, 612640, 287, 16033, 42071, 0, 156794
2019-06-19, 842921, 172392, 0, 613220, 287, 16071, 40951, 0, 157079
2019-06-20, 843321, 172522, 0, 613294, 287, 16072, 41146, 0, 156679
2019-06-21, 842838, 172706, 0, 613015, 281, 16020, 40816, 0, 157162
2019-06-22, 843246, 172844, 0, 613114, 288, 16027, 40973, 0, 156754
2019-06-23, 842902, 172881, 0, 612800, 271, 16013, 40937, 0, 157098
2019-06-24, 841201, 172559, 0, 611383, 273, 16024, 40962, 0, 158799
2019-06-25, 841620, 172875, 0, 611443, 272, 15989, 41041, 0, 158380
2019-06-26, 842809, 173080, 0, 612442, 256, 15960, 41071, 0, 157191
2019-06-27, 843482, 173301, 0, 612758, 271, 15962, 41190, 0, 156518
2019-06-28, 843120, 173441, 0, 612351, 257, 15956, 41115, 0, 156880
2019-06-29, 842429, 173444, 0, 611901, 256, 15907, 40921, 0, 157571
2019-06-30, 842000, 173394, 0, 611439, 274, 15887, 41006, 0, 158000
2019-07-01, 841228, 173571, 0, 610700, 273, 15922, 40762, 0, 158772
2019-07-02, 841423, 173681, 0, 608913, 271, 15776, 42782, 0, 158577
2019-07-03, 842472, 173865, 0, 611483, 274, 15864, 40986, 0, 157528
2019-07-04, 842743, 174032, 0, 611579, 268, 15833, 41031, 0, 157257
2019-07-05, 842821, 174092, 0, 611754, 267, 15855, 40853, 0, 157179
2019-07-06, 842292, 174105, 0, 611347, 237, 15832, 40771, 0, 157708
2019-07-07, 843235, 174257, 0, 611888, 267, 15826, 40997, 0, 156765
2019-07-08, 842078, 174308, 0, 610947, 267, 15821, 40735, 0, 157922
2019-07-09, 843074, 174604, 0, 611418, 267, 15781, 41004, 0, 156926
2019-07-10, 842893, 174093, 0, 611813, 266, 15797, 40924, 0, 157107
2019-07-11, 843159, 174505, 0, 611735, 266, 15755, 40898, 0, 156841
2019-07-12, 841673, 174636, 0, 610959, 261, 15013, 40804, 0, 158327
2019-07-13, 842865, 174676, 0, 611469, 265, 15693, 40762, 0, 157135
2019-07-14, 834985, 173033, 0, 605791, 262, 15513, 40386, 0, 165015
2019-07-15, 842773, 174734, 0, 611470, 263, 15663, 40643, 0, 157227
2019-07-16, 842779, 174781, 0, 611497, 248, 15620, 40633, 0, 157221
2019-07-17, 843403, 174854, 0, 610329, 129, 15431, 42660, 0, 156597
2019-07-18, 843477, 175065, 0, 611725, 130, 15522, 41035, 0, 156523
2019-07-19, 843566, 175247, 0, 611860, 130, 15503, 40826, 0, 156434
2019-07-20, 843399, 176699, 0, 610279, 130, 15444, 40847, 0, 156601
2019-07-21, 843093, 176833, 0, 609911, 131, 15424, 40794, 0, 156907
2019-07-22, 843630, 176813, 0, 610101, 133, 15453, 41130, 0, 156370
2019-07-23, 843654, 176645, 0, 610492, 129, 15384, 41004, 0, 156346
2019-07-24, 842038, 176677, 0, 608892, 129, 15358, 40982, 0, 157962
2019-07-25, 842084, 176682, 0, 608945, 128, 15341, 40988, 0, 157916
2019-07-26, 841912, 176665, 0, 608975, 127, 15287, 40858, 0, 158088
2019-07-27, 842051, 176766, 0, 608942, 128, 15308, 40907, 0, 157949
2019-07-28, 842121, 176768, 0, 609003, 128, 15280, 40942, 0, 157879
2019-07-29, 843585, 176719, 0, 610528, 131, 15187, 41020, 0, 156415
2019-07-30, 843416, 176728, 0, 610450, 132, 15115, 40991, 0, 156584
2019-07-31, 843326, 176837, 0, 610416, 134, 15076, 40863, 0, 156674
2019-08-01, 843868, 179812, 0, 605993, 129, 14900, 43034, 0, 156132
2019-08-02, 843661, 180149, 0, 607413, 131, 14986, 40982, 0, 156339
2019-08-03, 842953, 180359, 0, 606629, 132, 15000, 40833, 0, 157047
2019-08-04, 842608, 180290, 0, 606520, 135, 14947, 40716, 0, 157392
2019-08-05, 841784, 180428, 0, 605490, 132, 14932, 40802, 0, 158216
2019-08-06, 841105, 184730, 0, 600552, 130, 14882, 40811, 0, 158895
2019-08-07, 842329, 192637, 0, 593997, 130, 14840, 40725, 0, 157671
2019-08-08, 838500, 193231, 0, 589558, 130, 14834, 40747, 0, 161500
2019-08-09, 838796, 193462, 0, 589754, 131, 14797, 40652, 0, 161204
2019-08-10, 842989, 193455, 0, 593904, 131, 14759, 40740, 0, 157011
2019-08-11, 840389, 193569, 0, 591224, 131, 14727, 40738, 0, 159611
2019-08-12, 843204, 194015, 0, 593528, 132, 14764, 40765, 0, 156796
2019-08-13, 842345, 194075, 0, 592478, 130, 14768, 40894, 0, 157655
2019-08-14, 842039, 194305, 0, 592047, 132, 14702, 40853, 0, 157961
2019-08-15, 842177, 194520, 0, 591947, 131, 14670, 40909, 0, 157823
2019-08-16, 838611, 194827, 0, 587920, 128, 13936, 41800, 0, 161389
2019-08-17, 842388, 195308, 0, 590902, 130, 14644, 41404, 0, 157612
2019-08-18, 842429, 195256, 0, 591477, 131, 14661, 40904, 0, 157571
2019-08-19, 842708, 195238, 0, 591951, 130, 14604, 40785, 0, 157292
2019-08-20, 841509, 195163, 0, 591099, 127, 14574, 40546, 0, 158491
2019-08-21, 841702, 194811, 0, 591813, 128, 14572, 40378, 0, 158298
2019-08-22, 841715, 194579, 0, 591963, 130, 14511, 40532, 0, 158285
2019-08-23, 840873, 194684, 0, 590912, 127, 14422, 40728, 0, 159127
2019-08-24, 837713, 194756, 0, 587843, 128, 14531, 40455, 0, 162287
2019-08-25, 837655, 194804, 0, 587716, 128, 14524, 40483, 0, 162345
2019-08-26, 836780, 194908, 0, 587463, 129, 13787, 40493, 0, 163220
2019-08-27, 835768, 195162, 0, 586412, 128, 13797, 40269, 0, 164232
2019-08-28, 837161, 195554, 0, 587319, 131, 13761, 40396, 0, 162839
2019-08-29, 842414, 197314, 0, 588073, 129, 14285, 42613, 0, 157586
2019-08-30, 843329, 197558, 0, 590561, 129, 14426, 40655, 0, 156671
2019-08-31, 843017, 197755, 0, 590055, 129, 14376, 40702, 0, 156983
2019-09-01, 842614, 197620, 0, 589768, 130, 14331, 40765, 0, 157386
2019-09-02, 842528, 197921, 0, 589573, 130, 14330, 40574, 0, 157472
2019-09-03, 842362, 198599, 0, 588506, 128, 14313, 40816, 0, 157638
2019-09-04, 842812, 199266, 0, 588320, 125, 14290, 40811, 0, 157188
2019-09-05, 842509, 199679, 0, 588098, 124, 13546, 41062, 0, 157491
2019-09-06, 841340, 200128, 0, 586680, 125, 13513, 40894, 0, 158660
2019-09-07, 841892, 200284, 0, 587147, 124, 13522, 40815, 0, 158108
2019-09-08, 841952, 200184, 0, 585584, 123, 13599, 42462, 0, 158048
2019-09-09, 842826, 200450, 0, 587135, 125, 14204, 40912, 0, 157174
2019-09-10, 843211, 200647, 0, 587194, 125, 14171, 41074, 0, 156789
2019-09-11, 843421, 200704, 0, 587600, 123, 14121, 40873, 0, 156579
2019-09-12, 842506, 200729, 0, 587588, 123, 13385, 40681, 0, 157494
2019-09-13, 842374, 200856, 0, 587378, 121, 13363, 40656, 0, 157626
2019-09-14, 842433, 200944, 0, 587383, 123, 13352, 40631, 0, 157567
2019-09-15, 842370, 201029, 0, 587213, 124, 13335, 40669, 0, 157630
2019-09-16, 842470, 201137, 0, 587187, 124, 13338, 40684, 0, 157530
2019-09-17, 842177, 201298, 0, 584751, 122, 13311, 42695, 0, 157823
2019-09-18, 842051, 201436, 0, 585864, 125, 13994, 40632, 0, 157949
2019-09-19, 841241, 201472, 0, 585060, 125, 13985, 40599, 0, 158759
2019-09-20, 841083, 200411, 0, 586094, 126, 13953, 40499, 0, 158917
2019-09-21, 840390, 200083, 0, 585761, 125, 13934, 40487, 0, 159610
2019-09-22, 841430, 201721, 0, 585845, 125, 13247, 40492, 0, 158570
2019-09-23, 842251, 201859, 0, 585788, 123, 13927, 40554, 0, 157749
2019-09-24, 842690, 201984, 0, 585953, 125, 13894, 40734, 0, 157310
2019-09-25, 841709, 201348, 0, 584899, 127, 13831, 41504, 0, 158291
2019-09-26, 842409, 202109, 0, 584522, 124, 13779, 41875, 0, 157591
2019-09-27, 842151, 202269, 0, 585633, 124, 13841, 40284, 0, 157849
2019-09-28, 842483, 202341, 0, 585906, 126, 13801, 40309, 0, 157517
2019-09-29, 842243, 202307, 0, 585707, 125, 13787, 40317, 0, 157757
2019-09-30, 841557, 202369, 0, 585098, 127, 13745, 40218, 0, 158443
2019-10-01, 842114, 202747, 0, 585452, 127, 13736, 40052, 0, 157886
2019-10-02, 842284, 203720, 0, 584402, 128, 13713, 40321, 0, 157716
2019-10-03, 842167, 203396, 0, 584350, 127, 13632, 40662, 0, 157833
2019-10-04, 842375, 203366, 0, 584068, 127, 13563, 41251, 0, 157625
2019-10-05, 842402, 203545, 0, 585160, 129, 13611, 39957, 0, 157598
2019-10-06, 842275, 203619, 0, 584841, 128, 13638, 40049, 0, 157725
2019-10-07, 842539, 204050, 0, 584577, 128, 13570, 40214, 0, 157461
2019-10-08, 841637, 203955, 0, 583884, 127, 13582, 40089, 0, 158363
2019-10-09, 841255, 203864, 0, 583500, 128, 13512, 40251, 0, 158745
2019-10-10, 841677, 203899, 0, 583941, 128, 13513, 40196, 0, 158323
2019-10-11, 841945, 203853, 0, 582308, 127, 13392, 42265, 0, 158055
2019-10-12, 841943, 204014, 0, 584192, 125, 13461, 40151, 0, 158057
2019-10-13, 841271, 204030, 0, 583402, 129, 13422, 40288, 0, 158729
2019-10-14, 842261, 203891, 0, 584257, 129, 13425, 40559, 0, 157739
2019-10-15, 841584, 203484, 0, 584066, 127, 13407, 40500, 0, 158416
2019-10-16, 842352, 204628, 0, 584091, 128, 13408, 40097, 0, 157648
2019-10-17, 837091, 204754, 0, 578868, 126, 13381, 39962, 0, 162909
2019-10-18, 837928, 205079, 0, 579527, 123, 13375, 39824, 0, 162072
2019-10-19, 837481, 205029, 0, 577411, 120, 13249, 41672, 0, 162519
2019-10-20, 837864, 205152, 0, 579441, 125, 13358, 39788, 0, 162136
2019-10-21, 837340, 205222, 0, 579000, 122, 13326, 39670, 0, 162660
2019-10-22, 839516, 205175, 0, 581103, 120, 13255, 39863, 0, 160484
2019-10-23, 839070, 205396, 0, 580502, 123, 13243, 39806, 0, 160930
2019-10-24, 839400, 205236, 0, 580777, 120, 13220, 40047, 0, 160600
2019-10-25, 836799, 205390, 0, 578080, 125, 13173, 40031, 0, 163201
2019-10-26, 837077, 205624, 0, 578472, 124, 13162, 39695, 0, 162923
2019-10-27, 840602, 205600, 0, 581872, 124, 13158, 39848, 0, 159398
2019-10-28, 839354, 205761, 0, 580461, 125, 13153, 39854, 0, 160646
2019-10-29, 836139, 205737, 0, 576392, 122, 13094, 40794, 0, 163861
2019-10-30, 837397, 206035, 0, 577242, 120, 13075, 40925, 0, 162603
2019-10-31, 835944, 206090, 0, 576882, 123, 13051, 39798, 0, 164056
2019-11-01, 837090, 206388, 0, 577601, 121, 13057, 39923, 0, 162910
2019-11-02, 837180, 206469, 0, 577757, 120, 13080, 39754, 0, 162820
2019-11-03, 836107, 206006, 0, 577283, 121, 13042, 39655, 0, 163893
2019-11-04, 837266, 206195, 0, 577961, 120, 13059, 39931, 0, 162734
2019-11-05, 842197, 206678, 0, 582412, 121, 13038, 39948, 0, 157803
2019-11-06, 841983, 206830, 0, 580512, 118, 12919, 41604, 0, 158017
2019-11-07, 842562, 207122, 0, 582164, 120, 13024, 40132, 0, 157438
2019-11-08, 842351, 207431, 0, 582172, 120, 13000, 39628, 0, 157649
2019-11-09, 842227, 207634, 0, 581851, 121, 12929, 39692, 0, 157773
2019-11-10, 841834, 207680, 0, 581496, 120, 12963, 39575, 0, 158166
2019-11-11, 836993, 207852, 0, 576952, 119, 12950, 39120, 0, 163007
2019-11-12, 837400, 208150, 0, 576963, 119, 12915, 39253, 0, 162600
2019-11-13, 836160, 208203, 0, 573951, 113, 12755, 41138, 0, 163840
2019-11-14, 836043, 208296, 0, 575468, 116, 12835, 39328, 0, 163957
2019-11-15, 835871, 209356, 0, 574496, 115, 12827, 39077, 0, 164129
2019-11-16, 831443, 208988, 0, 571107, 115, 12689, 38544, 0, 168557
2019-11-17, 831330, 208968, 0, 571020, 116, 12742, 38484, 0, 168670
2019-11-18, 832824, 209557, 0, 571612, 118, 12708, 38829, 0, 167176
2019-11-19, 834218, 209514, 0, 572799, 117, 12697, 39091, 0, 165782
2019-11-20, 834139, 209608, 0, 572790, 117, 12673, 38951, 0, 165861
2019-11-21, 754365, 188791, 0, 517852, 104, 11415, 36203, 0, 245635
2019-11-22, 835255, 210013, 0, 571904, 117, 12589, 40632, 0, 164745
2019-11-23, 835751, 210189, 0, 573633, 115, 12657, 39157, 0, 164249
2019-11-24, 835538, 210136, 0, 573526, 117, 12690, 39069, 0, 164462
2019-11-25, 835507, 210573, 0, 573073, 117, 12657, 39087, 0, 164493
2019-11-26, 835824, 210838, 0, 573099, 119, 12666, 39102, 0, 164176
2019-11-27, 840277, 211343, 0, 576728, 116, 12605, 39485, 0, 159723
2019-11-28, 840792, 211530, 0, 577030, 117, 12600, 39515, 0, 159208
2019-11-29, 840812, 211121, 0, 576877, 116, 12554, 40144, 0, 159188
2019-11-30, 840121, 210931, 0, 576419, 118, 12552, 40101, 0, 159879
2019-12-01, 839711, 211077, 0, 576546, 114, 12526, 39448, 0, 160289
2019-12-02, 839846, 211150, 0, 575170, 116, 12425, 40985, 0, 160154
2019-12-03, 839492, 211252, 0, 576551, 115, 12492, 39082, 0, 160508
2019-12-04, 839870, 211427, 0, 576769, 118, 12459, 39097, 0, 160130
2019-12-05, 840532, 211984, 0, 576785, 118, 12461, 39184, 0, 159468
2019-12-06, 841048, 212544, 0, 576753, 117, 12456, 39178, 0, 158952
2019-12-07, 840484, 212534, 0, 576206, 116, 12433, 39195, 0, 159516
2019-12-08, 840459, 212577, 0, 576072, 116, 12425, 39269, 0, 159541
2019-12-09, 839928, 212758, 0, 574225, 114, 12315, 40516, 0, 160072
2019-12-10, 839948, 212966, 0, 574186, 113, 12287, 40396, 0, 160052
2019-12-11, 840292, 213708, 0, 574840, 113, 12357, 39274, 0, 159708
2019-12-12, 840790, 214509, 0, 574489, 113, 12323, 39356, 0, 159210
2019-12-13, 840745, 214509, 0, 574364, 113, 12294, 39465, 0, 159255
2019-12-14, 839917, 214569, 0, 573501, 113, 12282, 39452, 0, 160083
2019-12-15, 840228, 214619, 0, 573668, 111, 12261, 39569, 0, 159772
2019-12-16, 839290, 214702, 0, 572735, 110, 12253, 39490, 0, 160710
2019-12-17, 834958, 214867, 0, 568376, 112, 12231, 39372, 0, 165042
2019-12-18, 835027, 214897, 0, 567479, 110, 12104, 40437, 0, 164973
2019-12-19, 677746, 174111, 0, 461190, 85, 9797, 32563, 0, 322254
2019-12-20, 834926, 215066, 0, 568538, 106, 12135, 39081, 0, 165074
2019-12-21, 834454, 215213, 0, 567938, 107, 12082, 39114, 0, 165546
2019-12-22, 834805, 215218, 0, 568368, 108, 12100, 39011, 0, 165195
2019-12-23, 835044, 215292, 0, 568542, 108, 12104, 38998, 0, 164956
2019-12-24, 835551, 215485, 0, 568720, 107, 12108, 39131, 0, 164449
2019-12-25, 835320, 215481, 0, 568521, 108, 12093, 39117, 0, 164680
2019-12-26, 834803, 215528, 0, 568067, 107, 12107, 38994, 0, 165197
2019-12-27, 835199, 215567, 0, 568300, 109, 12073, 39150, 0, 164801
2019-12-28, 834473, 215462, 0, 567824, 109, 12022, 39056, 0, 165527
2019-12-29, 834871, 215534, 0, 568110, 108, 12024, 39095, 0, 165129
2019-12-30, 834565, 215466, 0, 567832, 107, 12000, 39160, 0, 165435
2019-12-31, 834755, 215637, 0, 568042, 107, 11997, 38972, 0, 165245
2020-01-01, 834673, 215594, 0, 567958, 108, 12011, 39002, 0, 165327
2020-01-02, 834575, 216076, 0, 567361, 106, 12023, 39009, 0, 165425
2020-01-03, 834659, 216144, 0, 567456, 105, 11981, 38973, 0, 165341
2020-01-04, 834336, 216199, 0, 565565, 106, 11847, 40619, 0, 165664
2020-01-05, 833885, 216126, 0, 565607, 105, 11884, 40163, 0, 166115
2020-01-06, 834530, 216450, 0, 567335, 102, 11947, 38696, 0, 165470
2020-01-07, 834451, 217223, 0, 566530, 106, 11908, 38684, 0, 165549
2020-01-08, 833864, 223372, 0, 559963, 103, 11870, 38556, 0, 166136
2020-01-09, 834164, 228088, 0, 555549, 92, 11851, 38584, 0, 165836
2020-01-10, 833841, 228251, 0, 555180, 95, 11822, 38493, 0, 166159
2020-01-11, 833350, 228243, 0, 554708, 95, 11815, 38489, 0, 166650
2020-01-12, 833603, 228317, 0, 554885, 96, 11812, 38493, 0, 166397
2020-01-13, 833881, 230330, 0, 553084, 96, 11808, 38563, 0, 166119
2020-01-14, 834086, 230371, 0, 551524, 89, 11683, 40419, 0, 165914
2020-01-15, 834446, 230478, 0, 552898, 94, 11693, 39283, 0, 165554
2020-01-16, 834538, 230714, 0, 553481, 92, 11695, 38556, 0, 165462
2020-01-17, 834972, 230947, 0, 553710, 90, 11634, 38591, 0, 165028
2020-01-18, 834072, 231192, 0, 553026, 90, 11591, 38173, 0, 165928
2020-01-19, 834310, 231253, 0, 553246, 93, 11571, 38147, 0, 165690
2020-01-20, 834186, 231691, 0, 552732, 93, 11547, 38123, 0, 165814
2020-01-21, 833859, 231854, 0, 552305, 91, 11505, 38104, 0, 166141
2020-01-22, 800030, 224131, 0, 528997, 85, 10989, 35828, 0, 199970
2020-01-23, 832911, 248061, 0, 535253, 86, 11400, 38111, 0, 167089
2020-01-24, 834081, 251293, 0, 533309, 84, 11314, 38081, 0, 165919
2020-01-25, 833878, 251326, 0, 533115, 85, 11342, 38010, 0, 166122
2020-01-26, 833961, 251359, 0, 533118, 83, 11314, 38087, 0, 166039
2020-01-27, 833811, 251535, 0, 532858, 82, 11291, 38045, 0, 166189
2020-01-28, 833822, 251830, 0, 532350, 83, 11222, 38337, 0, 166178
2020-01-29, 833857, 252234, 0, 530862, 85, 11122, 39554, 0, 166143
2020-01-30, 833636, 252213, 0, 532190, 84, 11161, 37988, 0, 166364
2020-01-31, 833659, 252432, 0, 532098, 83, 11145, 37901, 0, 166341
2020-02-01, 833802, 252580, 0, 532072, 80, 11085, 37985, 0, 166198
2020-02-02, 833739, 252626, 0, 531884, 79, 11081, 38069, 0, 166261
2020-02-03, 834207, 253211, 0, 531613, 78, 11065, 38240, 0, 165793
2020-02-04, 834032, 253886, 0, 529183, 76, 10922, 39965, 0, 165968
2020-02-05, 834296, 254855, 0, 530208, 73, 10966, 38194, 0, 165704
2020-02-06, 837312, 256977, 0, 531249, 74, 10918, 38094, 0, 162688
2020-02-07, 839028, 263186, 0, 526758, 73, 10877, 38134, 0, 160972
2020-02-08, 838245, 263238, 0, 525995, 71, 10851, 38090, 0, 161755
2020-02-09, 838571, 263441, 0, 526140, 73, 10828, 38089, 0, 161429
2020-02-10, 838514, 263828, 0, 524971, 71, 10763, 38881, 0, 161486
2020-02-11, 838223, 264121, 0, 524322, 72, 10663, 39045, 0, 161777
2020-02-12, 839071, 264476, 0, 525637, 69, 10736, 38153, 0, 160929
2020-02-13, 838753, 264708, 0, 525341, 67, 10668, 37969, 0, 161247
2020-02-14, 839243, 265055, 0, 525433, 68, 10644, 38043, 0, 160757
2020-02-15, 838129, 265447, 0, 524079, 67, 10578, 37958, 0, 161871
2020-02-16, 833227, 265513, 0, 519169, 64, 10602, 37879, 0, 166773
2020-02-17, 836726, 265739, 0, 520675, 64, 10485, 39763, 0, 163274
2020-02-18, 838676, 266114, 0, 524013, 67, 10532, 37950, 0, 161324
2020-02-19, 833345, 268559, 0, 516376, 65, 10485, 37860, 0, 166655
2020-02-20, 834291, 268845, 0, 517102, 62, 10450, 37832, 0, 165709
2020-02-21, 838095, 269334, 0, 520417, 64, 10407, 37873, 0, 161905
2020-02-22, 838011, 269421, 0, 520307, 59, 10406, 37818, 0, 161989
2020-02-23, 838097, 269543, 0, 518759, 56, 10321, 39418, 0, 161903
2020-02-24, 838091, 269816, 0, 519734, 56, 10368, 38117, 0, 161909
2020-02-25, 837763, 270227, 0, 519263, 55, 10303, 37915, 0, 162237
2020-02-26, 837819, 270530, 0, 519146, 55, 10271, 37817, 0, 162181
2020-02-27, 707963, 228958, 0, 437910, 44, 8603, 32448, 0, 292037
2020-02-29, 837643, 271157, 0, 518034, 60, 10160, 38232, 0, 162357
2020-03-01, 837600, 271401, 0, 517664, 58, 10115, 38362, 0, 162400
2020-03-02, 836819, 271481, 0, 517725, 57, 10105, 37451, 0, 163181
2020-03-03, 837330, 272213, 0, 517439, 57, 10051, 37570, 0, 162670
2020-03-04, 837455, 272888, 0, 517114, 58, 10024, 37371, 0, 162545
2020-03-05, 837723, 273915, 0, 516271, 60, 10002, 37475, 0, 162277
2020-03-06, 838004, 274349, 0, 515981, 56, 9977, 37641, 0, 161996
2020-03-07, 837250, 274417, 0, 514135, 55, 9913, 38730, 0, 162750
2020-03-08, 837278, 274566, 0, 515502, 56, 9936, 37218, 0, 162722
2020-03-09, 837365, 274880, 0, 515239, 55, 9930, 37261, 0, 162635
2020-03-10, 836558, 275105, 0, 514216, 54, 9878, 37305, 0, 163442
2020-03-11, 837404, 275580, 0, 514600, 54, 9885, 37285, 0, 162596
2020-03-12, 837014, 276105, 0, 512598, 53, 9792, 38466, 0, 162986
2020-03-13, 837300, 276840, 0, 512970, 53, 9785, 37652, 0, 162700
2020-03-14, 836657, 276923, 0, 512880, 52, 9730, 37072, 0, 163343
2020-03-15, 836903, 276895, 0, 512670, 52, 9730, 37556, 0, 163097
2020-03-16, 836800, 277033, 0, 512884, 54, 9645, 37184, 0, 163200
2020-03-17, 836941, 277355, 0, 512791, 52, 9568, 37175, 0, 163059
2020-03-18, 837085, 277563, 0, 512761, 51, 9510, 37200, 0, 162915
2020-03-19, 836799, 279657, 0, 510367, 50, 9479, 37246, 0, 163201
2020-03-20, 836355, 283003, 0, 506814, 49, 9427, 37062, 0, 163645
2020-03-21, 836226, 283184, 0, 506582, 47, 9402, 37011, 0, 163774
2020-03-22, 833353, 283217, 0, 502399, 49, 9370, 38318, 0, 166647
2020-03-23, 831224, 283305, 0, 501477, 50, 9380, 37012, 0, 168776
2020-03-24, 831548, 282299, 0, 502764, 49, 9359, 37077, 0, 168452
2020-03-25, 831186, 282521, 0, 502352, 48, 9312, 36953, 0, 168814
2020-03-26, 834776, 282606, 0, 505799, 47, 9303, 37021, 0, 165224
2020-03-27, 835903, 282643, 0, 506883, 46, 9270, 37061, 0, 164097
2020-03-28, 836336, 282960, 0, 507109, 44, 9263, 36960, 0, 163664
2020-03-29, 837001, 283234, 0, 507211, 45, 9262, 37249, 0, 162999
2020-03-30, 834445, 283290, 0, 505641, 47, 8473, 36994, 0, 165555
2020-03-31, 834715, 283204, 0, 505917, 48, 8475, 37071, 0, 165285
2020-04-01, 835613, 284984, 0, 503774, 47, 8356, 38452, 0, 164387
2020-04-02, 835300, 285642, 0, 504162, 49, 8385, 37062, 0, 164700
2020-04-03, 835729, 286226, 0, 504156, 46, 8373, 36928, 0, 164271
2020-04-04, 835600, 286334, 0, 503974, 45, 8357, 36890, 0, 164400
2020-04-05, 835919, 286479, 0, 504154, 46, 8358, 36882, 0, 164081
2020-04-06, 835469, 286761, 0, 502978, 47, 8359, 37324, 0, 164531
2020-04-07, 834106, 288170, 0, 500828, 48, 8292, 36768, 0, 165894
2020-04-08, 835737, 290077, 0, 500362, 48, 8295, 36955, 0, 164263
2020-04-09, 835713, 290440, 0, 500001, 47, 8277, 36948, 0, 164287
2020-04-10, 836073, 290788, 0, 498867, 45, 8240, 38133, 0, 163927
2020-04-11, 836016, 291136, 0, 499508, 46, 8256, 37070, 0, 163984
2020-04-12, 836152, 291822, 0, 499216, 47, 8258, 36809, 0, 163848
2020-04-13, 836059, 291872, 0, 499003, 48, 8260, 36876, 0, 163941
2020-04-14, 836103, 292098, 0, 499083, 45, 8207, 36670, 0, 163897
2020-04-15, 835847, 292315, 0, 499419, 46, 8199, 35868, 0, 164153
2020-04-16, 835336, 292754, 0, 498529, 47, 8184, 35822, 0, 164664
2020-04-17, 835995, 292907, 0, 499132, 48, 8192, 35716, 0, 164005
2020-04-18, 834693, 291910, 0, 498867, 45, 8165, 35706, 0, 165307
2020-04-19, 835683, 292374, 0, 499459, 47, 8151, 35652, 0, 164317
2020-04-20, 835436, 292802, 0, 498733, 47, 8142, 35712, 0, 164564
2020-04-21, 830625, 295175, 0, 490007, 45, 8073, 37325, 0, 169375
2020-04-22, 830966, 295567, 0, 491617, 45, 8111, 35626, 0, 169034
2020-04-23, 759355, 270329, 0, 448772, 41, 7346, 32867, 0, 240645
2020-04-24, 835773, 296935, 0, 495151, 46, 8043, 35598, 0, 164227
2020-04-25, 835639, 297036, 0, 494944, 45, 8027, 35587, 0, 164361
2020-04-26, 834679, 297186, 0, 494957, 45, 8039, 34452, 0, 165321
2020-04-27, 834414, 297252, 0, 494644, 44, 8013, 34461, 0, 165586
2020-04-28, 830892, 298385, 0, 490019, 44, 8018, 34426, 0, 169108
2020-04-29, 829637, 302049, 0, 485209, 44, 7984, 34351, 0, 170363
2020-04-30, 833083, 306553, 0, 484113, 43, 7957, 34417, 0, 166917
2020-05-01, 834597, 306718, 0, 483949, 43, 7878, 36009, 0, 165403
2020-05-02, 834670, 306720, 0, 485578, 42, 7916, 34414, 0, 165330
2020-05-03, 830481, 306772, 0, 481574, 43, 7908, 34184, 0, 169519
2020-05-04, 828407, 306905, 0, 479167, 42, 7831, 34462, 0, 171593
2020-05-05, 832053, 309874, 0, 479816, 44, 7907, 34412, 0, 167947
2020-05-06, 834406, 310063, 0, 482106, 42, 7883, 34312, 0, 165594
2020-05-07, 835023, 311159, 0, 481622, 43, 7861, 34338, 0, 164977
2020-05-08, 835288, 311406, 0, 481531, 41, 7842, 34468, 0, 164712
2020-05-09, 835244, 311433, 0, 481573, 43, 7831, 34364, 0, 164756
2020-05-10, 835203, 311548, 0, 481474, 45, 7808, 34328, 0, 164797
2020-05-11, 835368, 311439, 0, 480045, 45, 7737, 36102, 0, 164632
2020-05-12, 835222, 311657, 0, 481184, 44, 7793, 34544, 0, 164778
2020-05-13, 834858, 312294, 0, 480422, 44, 7742, 34356, 0, 165142
2020-05-14, 835123, 313787, 0, 479206, 46, 7744, 34340, 0, 164877
2020-05-15, 834701, 313930, 0, 478718, 46, 7748, 34259, 0, 165299
2020-05-16, 835118, 314228, 0, 478912, 46, 7734, 34198, 0, 164882
2020-05-17, 834587, 314226, 0, 478485, 46, 7718, 34112, 0, 165413
2020-05-18, 829851, 314568, 0, 473382, 45, 7739, 34117, 0, 170149
2020-05-19, 830054, 314933, 0, 473293, 44, 7710, 34074, 0, 169946
2020-05-20, 830255, 315163, 0, 473415, 44, 7675, 33958, 0, 169745
2020-05-21, 828647, 314277, 0, 470580, 43, 7612, 36135, 0, 171353
2020-05-22, 833090, 314845, 0, 476568, 43, 7654, 33980, 0, 166910
2020-05-23, 834475, 315007, 0, 477694, 43, 7641, 34090, 0, 165525
2020-05-24, 834529, 315085, 0, 477562, 42, 7631, 34209, 0, 165471
2020-05-25, 833490, 315204, 0, 476492, 41, 7629, 34124, 0, 166510
2020-05-26, 833016, 315615, 0, 475943, 44, 7613, 33801, 0, 166984
2020-05-27, 834377, 315430, 0, 477320, 41, 7584, 34002, 0, 165623
2020-05-28, 834538, 315916, 0, 476954, 41, 7557, 34070, 0, 165462
2020-05-29, 834707, 316049, 0, 477005, 41, 7569, 34043, 0, 165293
2020-05-30, 834538, 316175, 0, 476853, 40, 7530, 33940, 0, 165462
2020-05-31, 834441, 316315, 0, 476625, 39, 7529, 33933, 0, 165559
2020-06-01, 834226, 316414, 0, 476297, 40, 7509, 33966, 0, 165774
2020-06-02, 833815, 316631, 0, 475665, 39, 7494, 33986, 0, 166185
2020-06-03, 834201, 316971, 0, 475666, 39, 7499, 34026, 0, 165799
2020-06-04, 829288, 317333, 0, 470478, 39, 7494, 33944, 0, 170712
2020-06-05, 829073, 317627, 0, 468859, 40, 7444, 35103, 0, 170927
2020-06-06, 829278, 317734, 0, 469216, 41, 7462, 34825, 0, 170722
2020-06-07, 829350, 317771, 0, 469395, 41, 7466, 34677, 0, 170650
2020-06-08, 829158, 317768, 0, 468916, 40, 7472, 34962, 0, 170842
2020-06-09, 829387, 318107, 0, 469202, 37, 7432, 34609, 0, 170613
2020-06-10, 830308, 318336, 0, 469863, 39, 7416, 34654, 0, 169692
2020-06-11, 834301, 318523, 0, 473656, 38, 7396, 34688, 0, 165699
2020-06-12, 834269, 318718, 0, 474345, 36, 7376, 33794, 0, 165731
2020-06-13, 834198, 318772, 0, 474343, 38, 7366, 33679, 0, 165802
2020-06-14, 834315, 319006, 0, 474250, 38, 7369, 33652, 0, 165685
2020-06-15, 834517, 319000, 0, 474272, 39, 7335, 33871, 0, 165483
2020-06-16, 834276, 319460, 0, 473490, 39, 7323, 33964, 0, 165724
2020-06-17, 834769, 319981, 0, 473344, 40, 7328, 34076, 0, 165231
2020-06-18, 798713, 306440, 0, 452595, 38, 7028, 32612, 0, 201287
2020-06-19, 835025, 320201, 0, 473685, 41, 7301, 33797, 0, 164975
2020-06-20, 834984, 320401, 0, 471938, 39, 7240, 35366, 0, 165016
2020-06-21, 834745, 320247, 0, 473334, 41, 7291, 33832, 0, 165255
2020-06-22, 834395, 320397, 0, 472813, 42, 7278, 33865, 0, 165605
2020-06-23, 834603, 320625, 0, 472717, 42, 7264, 33955, 0, 165397
2020-06-24, 835243, 320895, 0, 472553, 42, 7242, 34511, 0, 164757
2020-06-25, 835337, 321157, 0, 472462, 42, 7220, 34456, 0, 164663
2020-06-26, 835189, 321328, 0, 472213, 41, 7218, 34389, 0, 164811
2020-06-27, 835251, 321471, 0, 472170, 41, 7203, 34366, 0, 164749
2020-06-28, 835243, 321529, 0, 472270, 41, 7162, 34241, 0, 164757
2020-06-29, 834810, 321815, 0, 471408, 40, 7154, 34393, 0, 165190
2020-06-30, 835033, 322113, 0, 471437, 40, 7147, 34296, 0, 164967
2020-07-01, 834614, 322293, 0, 470759, 39, 7131, 34392, 0, 165386
2020-07-02, 834897, 322562, 0, 470910, 40, 7119, 34266, 0, 165103
2020-07-03, 835247, 322843, 0, 470951, 41, 7110, 34302, 0, 164753
2020-07-04, 834763, 322832, 0, 469247, 40, 7068, 35576, 0, 165237
2020-07-05, 834964, 322918, 0, 470303, 40, 7064, 34639, 0, 165036
2020-07-06, 833917, 322883, 0, 469608, 40, 7075, 34311, 0, 166083
2020-07-07, 830038, 323255, 0, 465522, 41, 7039, 34181, 0, 169962
2020-07-08, 829549, 323538, 0, 464285, 42, 7019, 34665, 0, 170451
2020-07-09, 832664, 324069, 0, 466212, 43, 7015, 35325, 0, 167336
2020-07-10, 830855, 323827, 0, 464296, 42, 6990, 35700, 0, 169145
2020-07-11, 836451, 324424, 0, 469264, 39, 6985, 35739, 0, 163549
2020-07-12, 836362, 324464, 0, 469170, 39, 6971, 35718, 0, 163638
2020-07-13, 836120, 324819, 0, 468584, 41, 6953, 35723, 0, 163880
2020-07-14, 836150, 325089, 0, 468280, 38, 6940, 35803, 0, 163850
2020-07-15, 835756, 325536, 0, 467429, 38, 6914, 35839, 0, 164244
2020-07-16, 835863, 325639, 0, 467608, 39, 6872, 35705, 0, 164137
2020-07-17, 835453, 325414, 0, 467378, 38, 6845, 35778, 0, 164547
2020-07-18, 835760, 325974, 0, 467252, 36, 6817, 35681, 0, 164240
2020-07-19, 835681, 325815, 0, 466130, 35, 6787, 36914, 0, 164319
2020-07-20, 835695, 326051, 0, 467056, 35, 6761, 35792, 0, 164305
2020-07-21, 835717, 326248, 0, 466940, 35, 6546, 35948, 0, 164283
2020-07-22, 836017, 327683, 0, 465846, 34, 6391, 36063, 0, 163983
2020-07-23, 835807, 327850, 0, 465714, 32, 6235, 35976, 0, 164193
2020-07-24, 836025, 327992, 0, 465852, 33, 6140, 36008, 0, 163975
2020-07-25, 835879, 328170, 0, 465614, 32, 6087, 35976, 0, 164121
2020-07-26, 835897, 328202, 0, 465647, 32, 6055, 35961, 0, 164103
2020-07-27, 835716, 328156, 0, 465200, 32, 5962, 36366, 0, 164284
2020-07-28, 836238, 328884, 0, 465189, 31, 5883, 36251, 0, 163762
2020-07-29, 836407, 328882, 0, 465379, 31, 5815, 36300, 0, 163593
2020-07-30, 836479, 329156, 0, 465280, 30, 5761, 36252, 0, 163521
2020-07-31, 836886, 330012, 0, 464999, 27, 5726, 36122, 0, 163114
2020-08-01, 836657, 330260, 0, 464579, 27, 5695, 36096, 0, 163343
2020-08-02, 836641, 330419, 0, 464387, 28, 5689, 36118, 0, 163359
2020-08-03, 836476, 330529, 0, 464031, 28, 5654, 36234, 0, 163524
2020-08-04, 835425, 329747, 0, 463793, 28, 5597, 36260, 0, 164575
2020-08-05, 836327, 331134, 0, 463560, 28, 5580, 36025, 0, 163673
2020-08-06, 836015, 331435, 0, 463022, 28, 5538, 35992, 0, 163985
2020-08-07, 836610, 331768, 0, 463164, 27, 5532, 36119, 0, 163390
2020-08-08, 836480, 331931, 0, 462934, 24, 5498, 36093, 0, 163520
2020-08-09, 836294, 331732, 0, 462532, 23, 5504, 36503, 0, 163706
2020-08-10, 836416, 332046, 0, 462234, 25, 5497, 36614, 0, 163584
2020-08-11, 836346, 332224, 0, 462009, 29, 5442, 36642, 0, 163654
2020-08-12, 835705, 332371, 0, 459475, 29, 5372, 38458, 0, 164295
2020-08-13, 835254, 333037, 0, 460753, 31, 5408, 36025, 0, 164746
2020-08-14, 834207, 333297, 0, 459420, 32, 5367, 36091, 0, 165793
2020-08-15, 721402, 288769, 0, 395912, 25, 4615, 32081, 0, 278598
2020-08-17, 835403, 333563, 0, 458796, 26, 5295, 37723, 0, 164597
2020-08-18, 835467, 333956, 0, 460025, 27, 5286, 36173, 0, 164533
2020-08-19, 834305, 334165, 0, 458537, 27, 5279, 36297, 0, 165695
2020-08-20, 723742, 292171, 0, 395108, 22, 4607, 31834, 0, 276258
2020-08-21, 834258, 334891, 0, 457970, 26, 5246, 36125, 0, 165742
2020-08-22, 835650, 335744, 0, 458569, 27, 5239, 36071, 0, 164350
2020-08-23, 835650, 336239, 0, 458086, 25, 5219, 36081, 0, 164350
2020-08-24, 835651, 337012, 0, 457115, 27, 5201, 36296, 0, 164349
2020-08-25, 336165, 136452, 0, 182398, 11, 2086, 15218, 0, 663835
2020-08-27, 835822, 340725, 0, 453744, 28, 5178, 36147, 0, 164178
2020-08-28, 835799, 341448, 0, 453120, 27, 5152, 36052, 0, 164201
2020-08-29, 6120, 2434, 0, 3293, 0, 42, 351, 0, 993880
2020-08-31, 835728, 348707, 0, 443459, 26, 5081, 38455, 0, 164272
2020-09-01, 835538, 352736, 0, 441257, 30, 5110, 36405, 0, 164462
2020-09-02, 834991, 355237, 0, 438672, 28, 5053, 36001, 0, 165009
2020-09-03, 833319, 357218, 0, 435028, 28, 5048, 35997, 0, 166681
2020-09-04, 834869, 363137, 0, 430824, 27, 5068, 35813, 0, 165131
2020-09-05, 834654, 364863, 0, 429053, 26, 5054, 35658, 0, 165346
2020-09-06, 834401, 366314, 0, 427333, 25, 5034, 35695, 0, 165599
2020-09-07, 833933, 366640, 0, 426531, 25, 5003, 35734, 0, 166067
2020-09-08, 834398, 367692, 0, 425893, 26, 5010, 35777, 0, 165602
2020-09-09, 834344, 368663, 0, 424918, 24, 5007, 35732, 0, 165656
2020-09-10, 834486, 371344, 0, 420160, 23, 4985, 37974, 0, 165514
2020-09-11, 834334, 371895, 0, 421808, 24, 4974, 35633, 0, 165666
2020-09-12, 834289, 372035, 0, 421526, 21, 4941, 35766, 0, 165711
2020-09-13, 834214, 372181, 0, 421458, 24, 4949, 35602, 0, 165786
2020-09-14, 833894, 372435, 0, 420911, 24, 4946, 35578, 0, 166106
2020-09-15, 829208, 372687, 0, 415966, 24, 4934, 35597, 0, 170792
2020-09-16, 829459, 373246, 0, 415780, 24, 4918, 35491, 0, 170541
2020-09-17, 831318, 373562, 0, 417389, 24, 4897, 35446, 0, 168682
2020-09-18, 832814, 374124, 0, 418448, 24, 4887, 35331, 0, 167186
2020-09-19, 833338, 373609, 0, 417855, 23, 4856, 36995, 0, 166662
2020-09-20, 833839, 374075, 0, 419979, 24, 4867, 34894, 0, 166161
2020-09-21, 833552, 374266, 0, 419492, 24, 4861, 34909, 0, 166448
2020-09-22, 829287, 374918, 0, 413937, 24, 4866, 35542, 0, 170713
2020-09-23, 829186, 375213, 0, 413642, 23, 4858, 35450, 0, 170814
2020-09-24, 831730, 375482, 0, 416004, 24, 4829, 35391, 0, 168270
2020-09-25, 834856, 375658, 0, 418958, 23, 4821, 35396, 0, 165144
2020-09-26, 834642, 375643, 0, 418788, 23, 4788, 35400, 0, 165358
2020-09-27, 834714, 375758, 0, 418866, 23, 4784, 35283, 0, 165286
2020-09-28, 835115, 375873, 0, 419083, 23, 4771, 35365, 0, 164885
2020-09-29, 834252, 375763, 0, 415951, 22, 4719, 37797, 0, 165748
2020-09-30, 835033, 377956, 0, 416863, 23, 4755, 35436, 0, 164967
2020-10-01, 338847, 155086, 0, 166954, 8, 1898, 14901, 0, 661153
2020-10-02, 191214, 87358, 0, 93894, 4, 1080, 8878, 0, 808786
2020-10-07, 835601, 383030, 0, 412124, 21, 4682, 35744, 0, 164399
2020-10-08, 131885, 60403, 0, 65249, 4, 718, 5511, 0, 868115
2020-10-09, 836122, 383685, 0, 411654, 20, 4643, 36120, 0, 163878
2020-10-10, 825919, 378526, 0, 404955, 19, 4567, 37852, 0, 174081
2020-10-12, 836076, 383815, 0, 411198, 18, 4631, 36414, 0, 163924
2020-10-13, 835868, 384413, 0, 409646, 18, 4592, 37199, 0, 164132
2020-10-14, 835021, 384719, 0, 409798, 18, 4587, 35899, 0, 164979
2020-10-15, 835438, 384955, 0, 409655, 17, 4591, 36220, 0, 164562
2020-10-16, 834291, 384873, 0, 409135, 17, 4583, 35683, 0, 165709
2020-10-17, 834655, 385144, 0, 409449, 17, 4577, 35468, 0, 165345
2020-10-18, 834768, 385103, 0, 409483, 17, 4556, 35609, 0, 165232
2020-10-19, 833828, 384963, 0, 408754, 17, 4545, 35549, 0, 166172
2020-10-20, 834664, 385373, 0, 408946, 17, 4574, 35754, 0, 165336
2020-10-21, 831573, 384751, 0, 406592, 18, 4507, 35705, 0, 168427
2020-10-22, 834404, 385519, 0, 407081, 15, 4519, 37270, 0, 165596
2020-10-23, 834960, 386029, 0, 409312, 17, 4527, 35075, 0, 165040
2020-10-24, 832608, 385928, 0, 406698, 16, 4419, 35547, 0, 167392
2020-10-25, 833475, 385568, 0, 408176, 15, 4498, 35218, 0, 166525
2020-10-26, 834807, 386314, 0, 408816, 16, 4509, 35152, 0, 165193
2020-10-27, 834543, 386321, 0, 408672, 17, 4463, 35070, 0, 165457
2020-10-28, 834548, 386529, 0, 408436, 17, 4468, 35098, 0, 165452
2020-10-29, 834307, 386713, 0, 407910, 17, 4454, 35213, 0, 165693
2020-10-30, 834665, 387146, 0, 407944, 18, 4458, 35099, 0, 165335
2020-10-31, 832847, 386192, 0, 405002, 18, 4383, 37252, 0, 167153
2020-11-01, 833568, 386629, 0, 407252, 19, 4431, 35237, 0, 166432
2020-11-02, 834251, 387278, 0, 407311, 18, 4404, 35240, 0, 165749
2020-11-03, 834408, 388044, 0, 406876, 18, 4410, 35060, 0, 165592
2020-11-04, 834311, 388845, 0, 406007, 18, 4389, 35052, 0, 165689
2020-11-05, 834580, 389236, 0, 405919, 18, 4407, 35000, 0, 165420
2020-11-06, 834724, 389497, 0, 405762, 18, 4394, 35053, 0, 165276
2020-11-07, 834484, 389486, 0, 405552, 17, 4384, 35045, 0, 165516
2020-11-08, 834040, 389311, 0, 405284, 17, 4393, 35035, 0, 165960
2020-11-09, 834022, 388310, 0, 403459, 16, 4333, 37904, 0, 165978
2020-11-10, 833943, 389608, 0, 404634, 15, 4365, 35321, 0, 166057
2020-11-11, 833616, 389695, 0, 404776, 16, 4352, 34777, 0, 166384
2020-11-12, 832924, 391163, 0, 402528, 16, 4342, 34875, 0, 167076
2020-11-13, 832982, 391335, 0, 402626, 16, 4324, 34681, 0, 167018
2020-11-14, 833215, 391389, 0, 402674, 16, 4318, 34818, 0, 166785
2020-11-15, 833102, 391529, 0, 402532, 16, 4309, 34716, 0, 166898
2020-11-16, 831774, 390543, 0, 402175, 16, 4320, 34720, 0, 168226
2020-11-17, 832495, 391774, 0, 401836, 16, 4295, 34574, 0, 167505
2020-11-18, 830744, 391954, 0, 399998, 16, 4300, 34476, 0, 169256
2020-11-19, 742969, 353254, 0, 354776, 13, 3834, 31092, 0, 257031
2020-11-20, 827039, 392252, 0, 396044, 16, 4255, 34472, 0, 172961
2020-11-21, 827184, 392333, 0, 396210, 16, 4243, 34382, 0, 172816
2020-11-22, 826934, 392160, 0, 394059, 16, 4225, 36474, 0, 173066
2020-11-23, 827392, 392545, 0, 396105, 17, 4241, 34484, 0, 172608
2020-11-24, 827187, 392680, 0, 396000, 16, 4220, 34271, 0, 172813
2020-11-25, 832307, 392390, 0, 401334, 16, 4219, 34348, 0, 167693
2020-11-26, 832842, 392818, 0, 401393, 16, 4195, 34420, 0, 167158
2020-11-27, 828333, 393023, 0, 396504, 16, 4183, 34607, 0, 171667
2020-11-28, 827512, 393070, 0, 395978, 16, 4192, 34256, 0, 172488
2020-11-29, 827154, 392905, 0, 395774, 16, 4179, 34280, 0, 172846
2020-11-30, 827340, 393320, 0, 395535, 16, 4168, 34301, 0, 172660
2020-12-01, 827491, 393747, 0, 395344, 16, 4162, 34222, 0, 172509
2020-12-02, 827150, 393904, 0, 394890, 16, 4154, 34186, 0, 172850
2020-12-03, 827420, 394374, 0, 394659, 16, 4143, 34228, 0, 172580
2020-12-04, 830768, 394312, 0, 398030, 16, 4107, 34303, 0, 169232
2020-12-05, 832781, 394835, 0, 399571, 16, 4121, 34238, 0, 167219
2020-12-06, 832718, 394937, 0, 399426, 16, 4125, 34214, 0, 167282
2020-12-07, 832873, 395141, 0, 398428, 16, 4107, 35181, 0, 167127
2020-12-08, 832627, 394895, 0, 397763, 18, 4093, 35858, 0, 167373
2020-12-09, 828878, 395323, 0, 395198, 18, 4119, 34220, 0, 171122
2020-12-10, 827980, 395503, 0, 393405, 18, 4095, 34959, 0, 172020
2020-12-11, 828176, 396027, 0, 393372, 18, 4097, 34662, 0, 171824
2020-12-12, 827181, 396177, 0, 392811, 18, 4080, 34095, 0, 172819
2020-12-13, 827070, 396493, 0, 392369, 18, 4072, 34118, 0, 172930
2020-12-14, 827065, 396562, 0, 392261, 18, 4073, 34151, 0, 172935
2020-12-15, 827544, 396733, 0, 392477, 18, 4075, 34241, 0, 172456
2020-12-16, 827908, 397116, 0, 392440, 19, 4059, 34274, 0, 172092
2020-12-17, 827922, 397280, 0, 392305, 18, 4035, 34284, 0, 172078
2020-12-18, 828033, 397459, 0, 392305, 18, 4042, 34209, 0, 171967
2020-12-19, 827870, 397452, 0, 392149, 18, 4037, 34214, 0, 172130
2020-12-20, 828502, 397645, 0, 392567, 18, 4026, 34246, 0, 171498
2020-12-21, 827662, 397337, 0, 392063, 18, 4019, 34225, 0, 172338
2020-12-22, 828878, 397848, 0, 392223, 18, 3999, 34790, 0, 171122
2020-12-23, 829092, 398008, 0, 391585, 18, 3985, 35496, 0, 170908
2020-12-24, 828661, 397846, 0, 392717, 18, 3991, 34089, 0, 171339
2020-12-25, 828809, 398087, 0, 392659, 18, 3990, 34055, 0, 171191
2020-12-26, 828485, 397983, 0, 392390, 18, 3993, 34101, 0, 171515
2020-12-27, 828657, 398009, 0, 392552, 18, 3987, 34091, 0, 171343
2020-12-28, 828195, 397674, 0, 392445, 17, 3985, 34074, 0, 171805
2020-12-29, 828538, 398261, 0, 392209, 18, 3974, 34076, 0, 171462
2020-12-30, 828917, 398483, 0, 392305, 18, 3968, 34143, 0, 171083
2020-12-31, 828826, 398593, 0, 392193, 18, 3957, 34065, 0, 171174
